In;Out;Duration;ID;Text;Phase;Subphase;Context;Chain;Origin;From;To
0.00.29;0.01.20;0.00.50;1;最初 どこ から やり ますか と 緑黄色 リソース 調べ て き た もの だけ に 無作為 に 入れるか か  書いていった 方 が いい ん です か です かね。 先にリソースします. すみません ちょっと どういう順番でしたっけ とりあえず.;plan;d;OQ;1;1;S;all
0.01.20;0.01.32;0.00.12;2;宋さん もしか し たら ミュートになってるかもです;plan;d;R;1;2;S;M
0.01.37;0.01.50;0.00.13;3;ミュートだ  なんか 昨日  こまごま と し た アイデア が あんま 出 て なかっ た ん だ よ ね 結構 ばっと 出し て た から どうなんだろう 細分 化 する;plan;d;RA;2;2;M;all
0.01.52;0.01.54;0.00.02;4;細分 化 し ます。 了解 です わかり ました;plan;c;V;3;3;G;M
0.01.54;0.02.05;0.00.11;5;どうだろ う わかん ない 適当に言ってる スタート アップ の 強み だっ たら 自分 の 強み と が 書いた 方 が 早い んじゃない  何か リソース どうなんだ;plan;d;O;4;4;M;all
0.02.09;0.02.12;0.00.03;6;強み先 書き ます。 強み は 書き やすい ですよね それぞれ;plan;c;O;5;5;G;M
0.02.13;0.02.18;0.00.05;7;なんか 強み 何番 何 番 使う;plan;c;O;6;6;M;all
0.02.19;0.02.21;0.00.02;8;3番 と 3番ですよね;plan;c;O;7;7;S;M
0.02.24;0.02.27;0.00.03;9;自分 が ４ 番 作り出し ます よろしく 色 よいしょ 強み何だろうな;plan;c;O;8;8;G;all
0.03.15;0.03.17;0.00.02;10;とりあえず 何番 を 使う か 名前 名前 最初に 書こう;plan;c;P;9;9;M;all
0.03.19;0.03.21;0.00.02;11;了解ですじゃあ自分 ４ 番 使い ます.;plan;c;VO;10;10;G;M
0.03.21;0.03.21;0.00.00;12;オッケー.;plan;c;V;11;11;M;G
0.03.22;0.03.23;0.00.01;13;書き ます ね 名前。;plan;c;O;12;12;G;M
0.03.25;0.03.25;0.00.00;14;何は使う;plan;c;O;13;13;M;
0.03.34;0.04.07;0.00.32;15;ちょっと。 ちょっと いい です か はい 黄色 を 選ぶ っていう 作業 を 今 さ れ てる の か な。 はい 黄色 あんまり あんまり 厳格 に 考える し ない ので。 あ これ いい か な と 思っ たら コピー する って 感じ で。  パッパッパ てか ない と 今度 は 青 子 の 上げ て に 時間 が 無くなっ ちゃう なんて はい 分かり まし た か アバウト でき まし た はい 理解 です。 言い まし た。 そう ぞう きん;plan;i;O;1;15;I;
0.04.08;0.04.09;0.00.01;16;色 を 選ぶ やつ。;plan;a;O;2;15;M;
0.04.10;0.04.26;0.00.15;17;色 を じゃ 読み 終わっ たら 黄色 は 選び ます。 はい はい スイッチ。 気。;plan;a;O;3;16;G;all
0.04.30;0.04.55;0.00.25;18;もう は 結構 黄色 まとまっ て 書い てる ん じゃ。 そうですね やら ない と いけ なかっ た 。 じゃあ 逆 に コピー し て 貼っ た 方 が いい ん じゃ ね 気 に なっ た ところとか。 1 つ の 付箋 に 2 つ とか 3 つ 入っ てる から;plan;a;O;4;17;M;all
0.05.07;0.05.20;0.00.13;19;ビニール。 中央 強み は 書き まし た .;plan;d;R;1;18;G;all
0.05.21;0.05.26;0.00.05;20;いやー 正直 強み って いうの が リソース と そのあんまなんかこう違い が 分から ない 感じ が.;plan;d;O;2;19;S;all
0.05.26;0.05.28;0.00.01;21;強み あれじゃないですか  自分 の強み.;plan;d;O;3;20;G;S
0.05.28;0.05.28;0.00.00;22;自分の強みとなんか;plan;d;O;4;21;M;S
0.05.30;0.05.32;0.00.02;23;自分 の です か。 あ そういう こと か;plan;c;O;5;22;S;all
0.05.33;0.05.34;0.00.01;24;だから 名前 を 書か ない と いけない;plan;c;O;6;23;M;S
0.05.35;0.05.37;0.00.02;25;ああ なるほど。 あ 自分 の って あーそういうこと勘違いしてた;plan;c;O;7;24;S;M
0.06.10;0.06.38;0.00.28;26;俺 が この 役 を 実際 に やっ て みる と これ ない もの が あっ て ええ とこ も いっぱい あっ た よ。 今 から ワン よーく 見 て 俺 の 帰り 切符 買っ て 車 は 思う よ。;plan;c;O;8;25;;
0.06.51;0.06.53;0.00.02;27;これニーズ まだ やっ て ない って こと;plan;d;Q;1;27;M;all
0.06.54;0.07.03;0.00.09;28;今 から ニーズ の 選定すね なんかアバウト で 良いって言ってたので 適当 で いい っす か ね そんな 凝ら なく て。;plan;c;A;2;27;G;M
0.07.06;0.07.10;0.00.04;29;昨日言ってたのは何か 使える か どう か みたいな。 言ってたよね;plan;c;O;3;28;M;all
0.07.22;0.07.35;0.00.13;30;どれだろうな うーん。;plan;d;O;4;29;G;
0.07.45;0.07.46;0.00.01;31;とりあえず こんな 感じ です か ね。.;plan;c;O;5;30;S;all
0.07.49;0.07.50;0.00.01;32;強み です か;plan;c;O;6;31;G;S
0.07.53;0.07.55;0.00.02;33;とりあえず とりあえず;plan;c;O;7;32;M;all
0.07.56;0.07.56;0.00.01;34;うん うん うん;plan;c;O;8;33;G;M
0.07.57;0.07.58;0.00.01;35;黄色 の 方 が。 必要かな今;plan;c;O;9;34;M;all
0.08.03;0.08.09;0.00.06;36;そうですね黄色 黄色 が。;plan;c;O;10;35;S;M
0.08.18;0.08.25;0.00.07;37;そうしたらなんか これからの アイデア の 発想 に なんか つながり そう な やつ が いまいち;plan;d;O;11;36;G;all
0.08.25;0.08.33;0.00.07;38;とりあえずニーズ 貼れ ば いい の これ なんか あれ がないんだよね 一番 最初 なんか 出だし が ない。.;plan;d;O;12;37;M;G
0.08.35;0.08.35;0.00.00;39;出だしですか;plan;d;Q;13;38;G;M
0.08.37;0.08.40;0.00.03;40;増加 する 移住 者 とか 何 か そこら へん の 出だし が ない;plan;d;A;14;39;M;G
0.08.41;0.08.43;0.00.02;41;くっつけてないですね。 確か に すこ と.;plan;d;O;15;40;G;M
0.08.43;0.08.47;0.00.04;42;あ 全部 コピー一旦し ます.;plan;d;O;16;41;S;all
0.08.47;0.08.48;0.00.00;43;コピー。.;plan;d;E;17;42;M;S
0.08.49;0.08.49;0.00.00;44;コピーというか;plan;d;O;18;43;S;all
0.08.54;0.08.58;0.00.04;45;スーパー スーパー なん ちゃ ら のやつをを コピー し た あっ た あった;plan;d;O;19;44;M;all
0.09.07;0.09.07;0.00.00;46;スーパーシニアあーなるほど;plan;d;O;20;45;G;M
0.10.21;0.10.25;0.00.05;47;コピー する 時 ちょっとなんか自分 で 選ん で も いい ん じゃない 何 か 大事 な 言葉だけ抜き出すと;plan;d;O;21;46;M;all
0.10.29;0.10.29;0.00.01;48;いい と 思い ます。;plan;c;G;22;47;G;M
0.11.00;0.11.00;0.00.00;49;誰 か。;plan;c;O;23;48;M;
0.11.28;0.12.17;0.00.49;50;二つとも変わるのかそっか。;plan;c;E;24;49;M;
0.13.54;0.14.29;0.00.35;51;ハイ 先生 の 真意 は と ここ に ある の が 当たり前 という 感覚 に は ある ので どんな 新しい の か も あり 今 それ を 見 て いき たい と 思っ て い ます うん。 うん。 私。;plan;c;O;1;51;;
0.14.45;0.14.46;0.00.01;52;どんな 感じ です か ね。;plan;c;Q;2;51;G;all
0.14.53;0.15.39;0.00.46;53;は が ある 方 は こちら も すぐ 並ん で セル へ の 異物 の よう に ある から 来 て くれ た か なんか たまたま 作っ て た と いい ます ね あくまでも 速報 で 持ち込み を 作っ て いる もの で あれ ば な っていう とこ じゃ なく て も 業者 が 助かる 可能 な 表記 を 使っ て 今 に 中 って 今 は さっき の あ;plan;c;O;3;53;;
0.15.42;0.15.49;0.00.08;54;すいません ちょっと 声 が 聞き取れ ず 聞き取り にくかっ た ん です けど すみませんもう一回お願いしていいで です か あれ.;plan;c;Q;4;53;S;all
0.15.50;0.15.52;0.00.02;55;多分 自分 たち で しゃべっ てないですよ.;plan;c;A;5;54;G;S
0.15.52;0.15.52;0.00.00;56;あ違うんですか.;plan;c;Q;6;55;S;G
0.15.53;0.15.54;0.00.01;57;はい.;plan;c;A;7;56;G;S
0.15.54;0.15.57;0.00.03;58;何 あー 別 の 人か;plan;c;O;8;57;S;G
0.15.58;0.16.03;0.00.05;59;なんか 多分 一番 でかい 部屋 で 誰 か が 喋っ て 全部 聞こえ てる ん  と 思う ん だ けど これ;plan;c;O;9;58;M;S
0.16.04;0.16.06;0.00.02;60;ここ か も ここ か もしてない ごめん.;plan;c;O;10;59;J;all
0.16.07;0.16.07;0.00.00;61;いやーすみませんすみません 勘違いしてました;plan;c;O;11;60;S;all
0.16.11;0.16.18;0.00.07;62;すみませ ん 聞こえ ない 私 も 聞こえ なかっ た。 何 か 精密 とか なん ちゃ ら;plan;c;O;12;61;M;all
0.16.19;0.16.21;0.00.02;63;すまん ちょっと 切っとく ね.;plan;c;O;13;62;J;all
0.16.22;0.16.23;0.00.00;64;大丈夫です よ.;plan;c;O;14;63;G;M
0.16.23;0.16.24;0.00.01;65;大丈夫 です  大丈夫 です;plan;c;O;15;64;S;all
0.16.30;0.16.32;0.00.02;66;さっき どなた が 話されて ましたか。;plan;c;Q;16;66;M;all
0.16.35;0.16.36;0.00.01;67;さっき です か;plan;c;Q;17;66;G;M
0.16.39;0.16.45;0.00.05;68;ここね 大きい 部屋 で 今 4 人 いる ん だ よ ね その その 声;plan;c;O;18;67;J;all
0.16.45;0.16.48;0.00.03;69;なんか大きい声大きい部屋で .;plan;c;O;19;68;M;J
0.16.56;0.16.57;0.00.01;70;これ リソース について どれ くらい 調べた;plan;d;Q;1;70;M;all
0.17.02;0.17.12;0.00.10;71;どの くらい どの くらい。 とりあえず。 どの くらい と 言っ て も あんまあれなんで 無造作 に 書いて いく と いう か.;plan;d;O;2;70;S;M
0.17.13;0.17.13;0.00.00;72;何か.;plan;d;O;3;71;M;
0.17.14;0.17.17;0.00.03;73;調べ て き た 限りの もの を 全部 書いて いく みたい な 感じ の 方が;plan;d;P;4;72;S;M
0.17.23;0.17.26;0.00.04;74;青これ黄色 と 赤 と 青 を つなげ ない と いけ ない。;plan;d;R;5;73;M;all
0.17.29;0.17.42;0.00.13;75;そう みたい です ね。 とりあえず 青出します リソース 結構 結構 じゃ ない です けど 調べ て きま まあ  調べ て き まし た;plan;d;R;6;74;G;M
0.17.42;0.17.49;0.00.06;76;じゃあお願い し ます とりあえず 他 を 張っ て くか じゃあなんかちょっと 分担しましょうか こっち の 班 人 が 少ない からね;plan;c;IP;7;75;M;G
0.17.50;0.17.51;0.00.01;77;そう な ん です よ ね;plan;c;G;8;76;G;M
0.17.52;0.18.00;0.00.08;78;分担 し ましょ う。 じゃあ リソース 出す人が は リソース じゃんじゃん 出し て 貼る 人 は 何 か 選ん で 貼っ て いこ う か;plan;c;P;9;77;M;all
0.18.00;0.18.04;0.00.03;79;僕  リソース を 変いときます。.;plan;c;O;10;78;S;M
0.18.05;0.18.05;0.00.00;80;はい お願いします;plan;c;V;11;79;M;S
0.18.08;0.18.10;0.00.03;81;自分 も リソース調べま だし ます。;plan;c;O;12;80;G;M
0.23.39;0.23.49;0.00.10;82;加藤 さん すいません 質問なんです けど  茅野市 とか で 何 か そば か 何 か 有名ていうか おいしい っていう の を 情報で見たんです けど あってますか.;discussion;d;Q;1;82;G;J
0.23.51;0.23.54;0.00.03;83;あってるあってる あっ てる  よ.;discussion;d;A;2;82;J;G
0.23.54;0.23.57;0.00.03;84;何 か あり ます か 何 か そば 以外 に 何 か 有名 と いう か.;discussion;d;Q;3;83;G;J
0.23.58;0.23.58;0.00.00;85;ワカサギ;discussion;d;A;4;84;S;GJ
0.23.59;0.24.03;0.00.04;86;ワカサギ ね  あの 諏訪湖 で とれる ああ.;discussion;d;E;5;85;J;S
0.24.04;0.24.05;0.00.01;87;あの 冬 に.;discussion;d;O;6;86;G;J
0.24.05;0.24.10;0.00.05;88;そう そう あの 釣り が できる あの釣り堀 船 みたい の が あっ て 後なんかあるかな食べ物で;discussion;d;O;7;87;J;G
0.24.16;0.24.20;0.00.04;89;セロリ が 茅野 市 で 一番 全国 で 取れ て いるっていう。.;discussion;d;O;8;88;S;GJ
0.24.21;0.24.23;0.00.02;90;なるほど 特産 品 です;discussion;d;O;9;89;J;GS
0.24.26;0.24.30;0.00.04;91;あと この 辺 だ と カリン と マルメロ が よく 食べ られ て いる.;discussion;d;O;10;90;S;GJ
0.24.31;0.24.31;0.00.00;92;かりんとう;discussion;d;E;11;91;G;S
0.24.33;0.24.36;0.00.04;93;カリン という か の マルメロ  柑橘類 の。.;discussion;d;O;12;92;S;G
0.24.38;0.24.56;0.00.19;94;マル それ知らなかった マルメロ。 ちょっと調べてみようマルメロ へーすげ え 何か初めて見た;discussion;d;E;13;93;G;S
0.25.02;0.25.04;0.00.02;95;あと寒天とか .;discussion;d;O;14;94;S;G
0.25.04;0.25.04;0.00.00;96;ああ寒天;discussion;d;E;15;95;G;S
0.25.08;0.25.11;0.00.03;97;あと この 辺 だと ハチノコ が よく 食べ られ て いるみたい.;discussion;d;O;16;96;S;G
0.25.11;0.25.18;0.00.07;98;えーハチノコ  ハチノコ か マルメロ;discussion;d;E;17;97;G;S
0.26.12;0.26.16;0.00.04;99;あと 岡谷 の 方 だ と うなぎ です。.;discussion;d;O;18;98;S;G
0.26.16;0.26.16;0.00.00;100;そうですね昨日仰られた;discussion;d;G;19;99;G;S
0.26.19;0.26.36;0.00.17;101;あ あ 間違えた なんか食べ物系で いう と。;discussion;d;O;20;100;;S
0.32.10;0.32.10;0.00.01;102;とりあえず 出せた;discussion;d;O;21;102;M;all
0.32.12;0.32.20;0.00.08;103;とりあえ ず その 調べ て き た もの は 大体 出し て 感じ。 ですかね 僕 は;discussion;d;O;22;102;S;M
0.32.21;0.32.22;0.00.01;104;とりあえずは;discussion;d;O;23;103;M;S
0.32.23;0.32.23;0.00.00;105;そうですね;discussion;d;G;24;104;G;M
0.32.26;0.32.29;0.00.03;106;これ 以外 の リソース と なる と.;discussion;d;O;1;105;S;G
0.32.31;0.32.32;0.00.01;107;あとなんか 産業 関係 ですかね出すとしたら.;discussion;d;O;2;106;G;all
0.32.36;0.32.43;0.00.07;108;精密 機械 工業 っていう か IC チップ みたい な の が 生産 さ れ て いる って の は 中学校の時から聞いています;discussion;d;O;3;107;S;G
0.32.44;0.32.44;0.00.00;109;中学の時;discussion;d;E;4;108;M;S
0.32.46;0.33.02;0.00.16;110;そう な ん です よ それ が テスト で その 地図 に 点 が あっ て 何 が 生産 さ れ て いる でしょ みたい な 時 に 諏訪湖あたりについてたら あ これ は 精密 機械 のやつだとか なんか すごく お世話 に なっ た っていう;discussion;d;O;5;109;S;M
0.33.02;0.33.03;0.00.01;111;よく 覚え てる。;discussion;d;E;6;110;M;S
0.33.09;0.33.11;0.00.01;112;高校まで 役に立ち まし たね.;discussion;d;O;7;111;S;M
0.33.13;0.33.13;0.00.00;113;へーめちゃめちゃ.;discussion;d;E;8;112;G;S
0.33.14;0.33.14;0.00.01;114;地理 選択.;discussion;d;O;9;113;M;S
0.33.16;0.33.20;0.00.04;115;地理 みたいなもん  あ そうですね 地理 です か ね。;discussion;d;O;10;114;S;M
0.33.28;0.33.31;0.00.03;116;なんか 勘違い し て 会社 を 調べ て 来 て しまっ た.;discussion;d;O;11;115;M;all
0.33.32;0.33.33;0.00.01;117;いや それ めちゃめちゃ お.;discussion;d;O;12;116;G;M
0.33.33;0.33.34;0.00.02;118;それ も あり な ん じゃ ない です か ね.;discussion;d;O;13;117;S;M
0.33.34;0.33.35;0.00.01;119;今後 に 使え ます;discussion;d;O;14;118;G;M
0.33.37;0.34.17;0.00.40;120;何 か 分野 ごと に ちょっと しか 調べ て ない けど 観光 観光 なんかホテル 観光 別荘 を まとめ て いる 会社 が あっ て 何 か くるん と し た 感じ が あっ て  別荘 っていう の が 結構 あっ て あとは なんか  7 人 しか い ない 小さい 会社 だ けど そのなんか いろんな 授業 とか 医療 とか デザイン とか の 微細 工業 を やっ て いる なんか 小さい 会社 で も やっ てる の な って ちょっと 勘違い し て やっ て しまっ た;discussion;d;O;1;120;M;all
0.34.18;0.34.22;0.00.04;121;けど それ のちのち なんか スタートップの時に コラボ みたいな;discussion;d;O;2;120;G;M
0.34.23;0.35.03;0.00.40;122;後 なんか 諏訪 博物館 の 近く に 何 か し て 帰っ て 宝もの って 何 だ っけ なんか 中 の 古代 の を ああ しっぽ わかん ない んだけど そこら へん の なんか 地域 ワークショップ が やっ て たり 博物館 の 近く だ から やっ て も なん ていう か 歴史 と 体験 を 混ぜ合わ せる こと が できる か な っていう 気 は た。 経験 しっぽ分かんない  ん だ けど 実は 読み方 が ごっちゃ に なってる;discussion;d;O;3;121;M;all
0.35.03;0.35.03;0.00.00;123;七ですかて七に書いて宝ですか;discussion;d;Q;4;122;G;M
0.35.06;0.35.10;0.00.04;124;ちょっと 七  って 書い て で 宝物 の宝;discussion;d;A;5;123;M;G
0.35.12;0.35.12;0.00.00;125;七宝;discussion;d;E;6;124;S;M
0.35.13;0.35.27;0.00.15;126;七宝か 七宝 なんか そういう 会社 があ って 何 か 地域 ワークショップ とか ヒット し た ん だ けど 詳しい こと は 出 て き て なく て 何 か 地域 ワークショップ と 博物館 の 連携 とか;discussion;d;O;7;125;M;all
0.35.29;0.35.29;0.00.00;127;あーこれか赤羽;discussion;d;O;8;126;S;M
0.35.34;0.35.34;0.00.00;128;多分それそれ;discussion;d;G;9;127;M;S
0.35.36;0.35.36;0.00.00;129;赤羽七宝舎;discussion;d;O;10;128;S;M
0.35.42;0.35.42;0.00.00;130;うーんなるほどなるほど;discussion;d;O;11;129;G;
0.35.46;0.36.15;0.00.29;131;後なんか 窯  が あっ て たぶん 何 か おわん とか 作る こと が できる かも 何 か 何 か いや 何 か 全部 できる と 思うんだけど そしたら 隣 に 博物館 が あっ たら 何 か 行っ た ついで に 作っ て く とか 作っ た ついで に 博物館 へ 行く とか  そういう こと も できる  ガラス オルゴール 地域 学習。;discussion;d;O;12;130;M;all
0.36.32;0.36.35;0.00.03;132;つなげ て 廃炉 が 廃 炉 が 少ない。;discussion;d;O;13;131;M;all
0.36.39;0.36.46;0.00.07;133;例えば 日本 酒 って このあたり有名 って 聞い た よう な 気 が 日本 酒 がなんか.;discussion;d;O;14;133;S;all
0.36.47;0.36.47;0.00.00;134;日本酒どうですか;discussion;d;Q;15;133;M;J
0.36.50;0.36.57;0.00.07;135;諏訪に酒蔵 が 4つぐらい 日本 酒 だ ね。 あの 真澄 とか って 聞い た こと ある か な;discussion;d;A;16;134;J;all
0.36.57;0.36.58;0.00.01;136;あー聞いたことあり ます;discussion;d;O;17;135;S;J
0.36.59;0.37.02;0.00.04;137;あれ が ある あっ たり;discussion;d;O;18;136;J;all
0.37.04;0.37.05;0.00.00;138;なるほど;discussion;d;E;19;137;G;J
0.37.05;0.37.11;0.00.06;139;昔は そこ の 飲み 歩き イベント みたい の を やっ て た ん だ けど 今 多分 やっ て ない.;discussion;d;O;20;138;J;all
0.37.12;0.37.12;0.00.00;140;やれないんだっけ;discussion;d;Q;21;139;M;J
0.37.14;0.37.41;0.00.27;141;あの ね そう 何で だ っけ;discussion;d;AQ;22;140;J;all
0.37.42;0.37.58;0.00.15;142;そうだね結構交通 量 の 多い 道 沿い に 酒蔵 が ね ５つ ぐらい あっ て 飲み 歩き を やる と その 道 に 人 が 出ちゃうとか 色々 問題 が あっ て やめ て やめ ちゃっ た.;discussion;d;A;23;141;J;all
0.37.58;0.37.59;0.00.01;143;逆に言えば 人気 だ ったって 感じ です かね;discussion;d;O;24;142;S;J
0.37.59;0.38.12;0.00.13;144;そう だ ね わり と なん だろ う 三千円 か な 参加 料 を 払え ば いくら で も 好き な だけ 飲み比べできる という イベント が 諏訪 で あっ た ん だ けど ね。;discussion;d;O;25;143;J;all
0.38.12;0.38.17;0.00.05;145;食べ歩き 飲み 歩き イベントってこと うん そう。;discussion;d;O;26;144;M;J
0.38.20;0.38.36;0.00.15;146;楽し そう これ 何 か 一応 何 か 人 に リソース 出した と 思う ん です けど 何 か 加藤 さん から 見 て その 地域 に 馴染ん で いる 方 から 見 て なんか もっと こういう リソースあるよ  みたい な アピール って いう か.;discussion;d;O;27;145;G;J
0.38.36;0.38.37;0.00.01;147;ちょっと 見 て みる ね.;discussion;d;O;28;146;J;G
0.38.37;0.38.38;0.00.01;148;すみません お願い し ます。;discussion;d;I;29;147;G;J
0.38.43;0.38.43;0.00.00;149;あなんか来たんだけど;discussion;d;R;30;149;M;all
0.38.47;0.38.48;0.00.00;150;来まし た ね;discussion;d;G;31;149;G;M
0.38.48;0.39.02;0.00.14;151;指定 地域 の 目的 地 自動車 おお なるほど 交通 交通 量。 ビーナスライン。 人 が 集まり やすい とこ。;discussion;d;R;32;150;M;all
0.39.04;0.39.04;0.00.00;152;うん 諏訪大社○○;discussion;d;R;33;151;S;
0.39.07;0.39.07;0.00.00;153;諏訪大社;discussion;d;R;34;152;M;
0.39.10;0.39.10;0.00.00;154;何て書いてあるんだろう;discussion;d;Q;35;153;S;
0.39.14;0.39.17;0.00.03;155;ビーナスラインが やっぱり 一番 良い;discussion;d;R;36;154;G;
0.39.21;0.39.25;0.00.03;156;切り込み に 光源 を。;discussion;d;R;37;154;S;
0.39.26;0.39.33;0.00.06;157;なんか 結構 こういう の を 見 て たら なん ていう か 旅行 旅行 気味 に なん ない このなんか;discussion;d;O;38;157;M;all
0.39.35;0.39.38;0.00.02;158;基本的 に そう です 旅行 を みたい な 感じ;discussion;d;O;39;157;S;M
0.39.38;0.39.41;0.00.04;159;と いう か 今 今 は ちょっと 旅行 し づらい から オンラインを 逆 に アピール するとか;discussion;d;O;40;158;M;all
0.39.43;0.39.48;0.00.04;160;正直 思う の が オンライン 留学 とか 何 か 最近 ある じゃ ない です か.;discussion;d;O;41;160;S;all
0.39.48;0.39.49;0.00.00;161;ある ね.;discussion;d;G;42;160;M;S
0.39.49;0.39.51;0.00.02;162;あんま それって 意味 ある の か な って;discussion;d;O;43;161;S;M
0.39.51;0.39.52;0.00.01;163;私はないと 思っ てる;discussion;d;O;44;162;M;S
0.39.53;0.40.02;0.00.09;164;ですよね ってなったら オンライン 旅行 って 言っ て も やっぱ 行っ た 気 に なれ ない っていう か。  正直 に 厳しい ん じゃ ない か な。;discussion;d;O;45;163;S;M
0.40.02;0.41.07;0.01.05;165;なんか 旅行 だけ じゃ なく て その 食べ物 とか 作っ た もの とか そこら 辺 の そういう コラボ が 例えば 何 か 飲み 歩き を 3千円  で する ん だっ たら 何 か いろんな 詰め合わせ の お 酒 を 3 千 円 払っ て ちょっと ちょっと ずつ 送ってもらえる ん  とか ちょっと ランダム に やってくる そういう 中 今 中 言った お 酒 の 話 な ん だ けど 旅行 旅行 に 注目 し がち な ん だ けど 違う とこ の 食べ物 とか うーん 背景 を オンライン でも できる もの を 探し て も いい か な って ね。  今 現に なんか ここ は 楽しい ん です よ って アピール し て も いけ ない し 花火 大会 今 やっ てる とこ も 少ない し っていう か なんか ちょっと ちょっと 今 まで と 違っ た 形 に なっ ちゃう から 違っ た 形 に 合わせ た 感じ を;discussion;c;O;46;164;M;all
0.41.09;0.41.30;0.00.21;166;なんか コロナのせいで できる こと が  かなり 変わっ て き た から 難しい 思いつく の かな。 温泉 とかも 多分 今 は 結構 厳しい みたい な 感じ です ね。;discussion;c;O;47;165;S;M
0.41.30;0.41.33;0.00.03;167;何か足湯も やっ て ない と 思う 何 か 駅 駅 の 無料のやつだったけど;discussion;d;O;48;166;M;S
0.41.35;0.41.36;0.00.01;168;あ 今 止まってるん です か;discussion;d;Q;49;167;S;M
0.41.37;0.41.38;0.00.01;169;わかん ない.;discussion;d;A;50;168;M;S
0.41.38;0.41.43;0.00.05;170;どう です か 駅  の 足湯 とか;discussion;d;P;51;169;M;J
0.41.46;0.41.51;0.00.05;171;上諏訪 駅 だ よ ね 上諏訪 駅  足湯;discussion;d;O;52;170;J;M
0.42.07;0.42.13;0.00.06;172;多分 やっ て いる ん じゃ ない か な  たぶん;discussion;d;O;53;171;J;M
0.42.14;0.42.18;0.00.04;173;逆 に 今 なら 貸切 金 味わえる かも しれ ないです;discussion;d;O;54;172;M;J
0.42.19;0.42.24;0.00.05;174;っていう 感じ で 売り出し てる 旅館 も 最近 何 か 見 まし た;discussion;d;R;55;173;S;M
0.42.26;0.42.39;0.00.13;175;私 は 飛行機 に 乗る とき に 1 つ の 飛行機 に は 6 人 ぐらい しか い なかっ た から 誰 も い なく し て 全面 使えた っていうか 座席 ４つ 使っ て 倒し て 寝 て た ん です と;discussion;d;O;56;175;M;S
0.42.40;0.42.40;0.00.00;176;めちゃめちゃいいな;discussion;d;E;57;175;G;M
0.42.48;0.42.52;0.00.04;177;Cチームは どんな 感じ です か 青 を 出し て 共有 が 終わっ た ぐらい の 感じ です か。.;discussion;i;Q;1;177;I;all
0.42.52;0.42.54;0.00.02;178;こんな 感じ ですか ね.;discussion;i;A;2;177;M;I
0.42.54;0.45.11;0.02.17;179;なるほど えーっと そうですね グレッグ グレー は できれ ば 黄色 より 左側 に 置い て おい た 方 が 後 内 で 話し やすい と 思うので 黄色 を 見 て アイデア を 発想 する と思うのね 黄色 と 青 の 間 に 少し 空間 を 空け といていただいて 後 に アイデア の 赤 が 並ぶ ので それで 青 を ひと とおり 出し て もらっ た と 思う ん だ けれども  大切な の は この リソース を 活かし て 皆さん が スタート アップ を 起こす わけ だ よ ね  なので 皆さん が どういう 強み を 持っ てる の か って もう すでに 上で出 し た の か な と  この 強み を 活かし て どんな こと を やろ う と する の か って いう か ね。  より 良い 社会 に し たい と 思う の か みなさん は スタート アップ を 興す 上 で どんな 青 が 必要 な の か って 視点 も ある よ ね。  そう する と 青 青 をもう少し 深 掘り する 必要 が ある っていう こと も 出 て くる と 思う ん です よ。  で たぶん 青 を 今 まで 探し て たのは 一般 論 で 探し て た ので  他 人事 で 探し てた訳 です よ。 でも ね 自分 事 で 青 を 見 て みる と もっと 何 か 知ら なきゃ いけ ない こと って 出 て くる と 思う ん です ね 例えば 諏訪 地域 に は 魅力 的 な 有力 企業  中小 企業 が たくさん ある ん だ けれども そこ が どんな 技術 を 持っ て いる の か とか どんな 製品 を 作っ てる の か とか 言う の って 皆さん が スタート アップ を どんな スタート アップ に する か に よる ん だ けれども 結構 そういう ところ が 必要 だっ たり する かも しれ ない ので そういう 自分事  自分 たち が スタート アップ する を 起こす っていう 上 で もう ちょっと 青 の 深 掘り とか し て おく べき こと っていう の を 少し 議論 し て 今 ネット で 検索 し て も いい ので もう少し 青 の 深 掘り っていう か ね 他 人事 じゃ なく て 自分 ごと として 青 を 見 て みる みたい な こと で 青 を 探し て みる っていう の は ちょっと 時間 の 使い方 として アリ か な と。.;discussion;i;P;3;178;I;
0.45.16;0.45.19;0.00.03;180;なるほど 技術 の 転用 みたい.;discussion;a;E;4;179;S;all
0.45.21;0.45.22;0.00.01;181;な ん です か。;discussion;a;Q;5;180;G;S
0.45.25;0.45.37;0.00.13;182;ああ ああ その 企業 の 持っ て いる 技術 を 用い て 別 の 新しい この 何ていうんですかね 今 持っ て いる リソース 以外 の 新しい もの を 作る みたい な 感じ です か.;discussion;a;A;6;181;S;G
0.45.38;0.45.56;0.00.18;183;多分 さっき の 奴は ただ単に 何 か スタートアップする時にどういう風に持っ て いる 企業 の ところ と コラボ し て 連携 し て いける か っていう ところ で 技術 の 転用 じゃ ない けど 協力 みたい な 感じ か な。;discussion;a;O;7;182;G;S
0.45.56;0.46.05;0.00.09;184;いや多分 何 か 今 ある もの を 活かし て 何かやろうかな っていう そういう 雰囲気かな何 を 強み に し て いく か っていう;discussion;a;O;8;183;M;G
0.46.06;0.46.32;0.00.26;185;うーん 正直 何 か 目標 が 不明瞭 みたい に 感じ ちゃう から と もう少し 聞きたい っていう の が 何 か その 外 から の 観光 客 とか そういう の を いっぱい 増やし て 活性 化 さ せる の か  その 今 そういう インフラ みたいな 感じ のを整備して 今 住ん で いる 人 の 環境 を 良く し た の か みたい な 事 を あんまり 正直 は 分かっ て ない ん です けど それ って どんな 感じ です か.;discussion;a;OQ;9;184;S;all
0.46.32;0.47.00;0.00.28;186;それは なんか 今 とりあえず リソース 出し て 多分 次 の 段階 の アイデア の 段階 で 多分 そこ を 見 て から さっき 先生 が 言っ た みたい に この リソース の 深堀。 どれに に ピンポイントを絞るべきか みたい な の を 探し て いく か な.;discussion;a;O;10;185;G;S
0.47.01;0.47.04;0.00.03;187;まあでも まあ そうですね です.;discussion;a;G;11;186;S;G
0.47.05;0.47.16;0.00.11;188;加藤さんどうですか 何 か あり ます 何か 地元 の 方 から 見 て うん もっと こういう とこ が ポイント に なり そう だ よ 見 て ん な ところ って ありますか.;discussion;d;Q;1;188;G;J
0.47.19;0.47.20;0.00.02;189;ごめん 今 ちょっと リソース を 入れ ててさ;discussion;d;A;2;188;J;G
0.47.21;0.47.21;0.00.00;190;すみませんありがとうございます.;discussion;d;T;3;189;G;J
0.47.24;0.47.24;0.00.00;191;ごめん.;discussion;d;E;4;190;J;G
0.47.24;0.47.25;0.00.00;192;いえいえすみませんとんでもないです;discussion;d;E;5;191;G;J
0.47.28;0.47.29;0.00.00;193;何だろうなあ;discussion;d;O;1;193;J;
0.47.44;0.47.45;0.00.01;194;スタートアップするとして;discussion;d;O;2;193;G;
0.48.10;0.48.10;0.00.00;195;何やろうかなあ何やろう;discussion;d;O;3;194;J;
0.48.15;0.48.16;0.00.00;196;企業。 企業のやつどっかでみたきがするんだよな;discussion;d;O;4;195;G;
0.49.50;0.51.38;0.01.48;197;思っ て い た。 デモ も すごかっ た と も。 主 イエス に。 農業 を し た する 季節 で も 横たわっ て い て 誰 か なんて 気 を 配っ て 作業 とか に でも 一 歩 足 を 開い て。 便利 を。 また。 約 1 万 円 を 下回る コース だ と 笑っ て;discussion;d;O;5;196;;
0.51.39;0.51.39;0.00.00;198;関連 する やつ 繋げていかない;discussion;c;P;1;198;M;all
0.51.43;0.51.43;0.00.00;199;関連するやつですか;discussion;c;E;2;198;G;M
0.51.44;0.51.56;0.00.12;200;一番 一番 繋がっ た やつ に する 全部 で とりあえず 関連 し た やつなんか 全部 ごっちゃ に し て いい から どこ が どこ に 繋げ れ そう な の か;discussion;c;O;3;199;M;all
0.51.59;0.52.05;0.00.06;201;観光 観光 という 点 で 言え ば かなり。 全部 つながっ て しまっ て しまう気がするんですけどます けど.;discussion;c;O;4;200;G;M
0.52.06;0.52.14;0.00.08;202;そうね。 観光ね  観光は いっぱい あるね.;discussion;c;G;5;201;J;G
0.52.18;0.52.21;0.00.03;203;観光 資源だけで 言う と かなり。 いっぱい あってから;discussion;c;G;6;202;S;GJ
0.52.35;0.52.52;0.00.17;204;コロナの中で 観光 を アピール する か それとも 何 か 食べ物 とか 地域 ワークショップ 多分 何 か あのえっと 釜 とか ガラス とか そこらへんの 体験 重視 する か 食べ物 か。 てところか;discussion;c;O;7;203;M;all
0.52.57;0.53.08;0.00.12;205;です ね なんか 精密 産業 を 生かし た 商品 とか ある ん だろ う けど きっと 自分 は そこ ちょっと全然思い浮かば なく て.;discussion;c;O;8;204;G;M
0.53.11;0.53.34;0.00.24;206;加藤 さん あの この 諏訪 地域 で 一番  その 収入 が 入っ 収入 の 入っ てる 事業 事業 っていう か ね 分野 って 何 です か。 観光とか 精密機械 産業 とか 色々 ある と 思う ん です けど 産業 の 中 で いえ ば どれ が 一番 多く を 占め て いる って感じですか.;discussion;d;Q;9;206;S;J
0.53.36;0.53.52;0.00.16;207;どう か で 全部 そう だ 製造 観光 って 満遍なく ある けど やっぱり。 後 の 農業 か 農業 ね。 うん うん うん 全部 満遍なく ある ん だ よ ね うん.;discussion;d;A;10;206;J;S
0.53.52;0.53.54;0.00.02;208;なんか 円グラフ みたい な もの.;discussion;d;O;11;208;S;J
0.53.54;0.53.56;0.00.02;209;円グラフ ちょっと 調べる ね。.;discussion;d;O;12;208;J;S
0.53.56;0.53.56;0.00.00;210;ああ すみません;discussion;d;V;13;209;S;J
0.53.57;0.54.07;0.00.10;211;はい;discussion;d;V;14;210;J;S
0.54.17;0.54.22;0.00.05;212;何 か wikipedia で 何か ちょっと 乗って ます  ね.;discussion;d;R;15;212;G;all
0.54.23;0.54.23;0.00.00;213;Wikipedia;discussion;d;E;16;212;S;
0.54.29;0.54.39;0.00.10;214;農業 が平成29 年 で 41 億 とか。 観光 の って どこ に。.;discussion;d;R;17;213;G;all
0.54.51;0.55.08;0.00.17;215;事業 所 の 内訳か。 なんか が こういういうやつって 何 か が 大体 工業 系 が 多く  無いですか 内訳 だけに見る と.;discussion;d;O;18;214;G;all
0.55.10;0.55.12;0.00.01;216;すみません 内訳 って とこ Wikipediaにあります.;discussion;d;Q;19;215;S;G
0.55.14;0.55.17;0.00.04;217;あー Wikipediaに あちょっと 書い て ある ん だ けど 事業 所 数 だけ なんだけど ね これ.;discussion;d;A;20;216;G;S
0.55.17;0.55.17;0.00.00;218;あ事業者数;discussion;d;E;21;217;S;G
0.55.18;0.56.14;0.00.56;219;何 か お金 の 利益 面 とか の 売上 高 で いう と だいたい どこ の 地域 も  観光 とか じゃ なく て 工業 が 上 に なっ てる イメージ が ある な。 だから あんまり 内訳は 意識 し なく て いい ん じゃ ない か な。 って 思っ てる で リソース 見て それ こそ 今 の コロナ だ けど ね コロナ後 の どこ の 人 たち を メイン にターゲット に する か それ 次第 で また どんどん 変わっていきそう けど さっき も 言ったけど  俺 ちょっと 商品 関係 で いうとちょっとまだ 思い 浮か ん で ない な って 観光メイン メーン な の か な って いう の は ちょっと 思ってる うん スタート アップ に するなら;discussion;c;O;1;219;G;all
0.56.16;0.56.55;0.00.39;220;えっと  あたし が 今 下 を ゴチャゴチャ つなげ て た ん だ けど たぶん 下 を 見 たら 結構 繋がっ てる 気 が する ので 何 か 情報 提供 と オンライン ショッピング と 何 か 何 て 言う か 個人 に 向け た 情報 提供 と 地元 で しか わかん ない やつ とか あと 環境 とか も 結構 ここら へん つながり そう だ な って 勝手 に 思い ながら 今 つなげ て た ん だ けど どうも なんか そんな 感じ で つなげ て たったら 見える かな って 思ってしたら 変 だ けど 環境 の 意識 が 高まる と 思う。;discussion;c;O;2;220;M;all
0.56.57;0.57.33;0.00.35;221;でたぶん 情報 系 が 結構 ある んで えっと なんか 一 人 何 か パソコン が 得意 だ っていう そういう そこら へん の なん ていう か 強み を 生かす っていう の 意味 ある の かな って 思って そこで 個人 の 強み が 登場 できれば  で 何 か 今 まで 思う  に その 一つ の 付箋 に 書い て ある 情報 が 多 すぎ て ちょっと あたし は消して 何 か 一言 に まとめ てる けど これ で ちょっと 見やすい か な と 思っ て;discussion;c;O;3;220;M;all
0.57.34;0.57.35;0.00.01;222;確かに見やすい です ね;discussion;c;E;4;221;G;M
0.57.36;0.57.59;0.00.23;223;そこ から 何 か もう ちょっと 何 か ひとつ の 付箋 に 入っ て 入る 情報 を 少なく し て って つなげ て た 方 が 見やすい か あたし が 今 何 か 見える の は 情報 提供 と 商品 の 個人 化 が 見える んで 下 足 繋げ た 段階 で は たぶん 上 を つなげ たら さらに 他 が 見える か な っていう こと は思う。;discussion;c;O;5;222;M;all
0.58.01;0.58.02;0.00.01;224;うん うん。;discussion;c;E;6;223;G;M
0.58.09;0.58.27;0.00.18;225;とりあえず なんか みんな が 思う に どこ と どこ が 繋がる か 繋げて みてよ  今 まで 環境 環境じゃない観光らへんに行きそう だっ た けど ここら 辺 見 て も 他 が あり そう だ な っていう 雰囲気 はある。.;discussion;c;O;7;224;M;all
0.58.31;0.58.32;0.00.01;226;例えば どんな 感じ が あり そうですか;discussion;c;Q;8;225;S;M
0.58.33;0.59.35;0.01.03;227;例えば えーっと 環境 意識 と 商品 画一的 な 商品 と 情報 が 埋め込ま れ て いる 社会 の 3 つ が つながっ て  環境 の 意識 が 高まる こと で その 何 か 地球 に やさしい 製品 が 出 て くる ん だ けど それ は 商品 の 多様 化 まで やってないか 何 か やり ながら 見え て くる っていう か 商品 の 多様 化 に 繋がって 製品 探し が ある んだよね  これ で その 多様 化 時代 が 来 て オンライン ショッピング と 情報 を 提供 個人 に 合わせ た 情報 提供 が 出 て き て そしたら 今度 は ここら へん に 結びつか ない 青ら を 青ら へん の なんか なんかあの 地域 の 特産 品 とか 人 に 合わせ て 提供 する みたいな  ここら辺 に つながっ て こ ない っていう 考え方だよね 繋げないと 全然 繋げてないじゃん上 だからそれ が ない と たぶん 見え て こ ない と思う;discussion;c;A;9;226;M;all
0.59.36;0.59.39;0.00.04;228;なるほど  了解 です。;discussion;c;V;10;227;G;M
0.59.49;0.59.49;0.00.00;229;被ったやつ 消していいかな;discussion;c;P;11;229;M;all
0.59.52;0.59.52;0.00.00;230;いいと思います;discussion;c;G;12;229;G;M
0.59.58;1.00.17;0.00.20;231;で 今 は 結構 情報 を 見 てる から 外国 へ の アピール も できる か な っていう  外国 人 視点 に 立っ た そういう やつ が 結構 私 が テレビ を 見 て 面白かっ た から うーん か そのそこ まで 広げ て も いい ん か な っていう 思い は する;discussion;c;O;13;231;M;all
1.00.18;1.00.19;0.00.01;232;確か に それ は大事ですね;discussion;c;G;14;231;G;M
1.00.22;1.01.13;0.00.51;233;コロナ生 の 中 で 何 が できる か な。 なんか観光今 アピール し て も 結構 いける とこ  少ない し 行ける 人 も 少ない っていう 思う から 何 ていうか 今 の 段階 で 印象づける ちょっと 何 か 情報 を 持っ て 印象づけ て コロナ が 収まっ た 頃 に 将来 性 を 見込む こと も できる し 今 今 に すぐ に できる こと と し たら えっと 情報 と 商品 を えっと なん ていう か 接触 が 少ない 商品 とか を アピール し て 売っ た 方 が 何 て 言う か 現 段階 で は 現実 的 か な っていう 思い がする。 スタート アップ だ から スタート アップ は すぐ に なんか えっと 元 を 回収 し ない と いけ ない そし たら じゃ ない と 次 行か ない から ネット は 今 に できる こと って 思っ てる;discussion;d;O;15;233;M;all
1.01.19;1.01.42;0.00.22;234;自分 は その スタート アップ の 元 の 関係でいうと  なんか スター トアップ を 最初 は 何 か 苦労 する から 最初 は 元 が 取れ ない の を 見越し て そうですね だから すぐ に 元 取れる とか じゃ なく て  将来 性 が 見込める 奴 が いい の か な って いう の を  思い まし た ね。;discussion;d;O;16;233;G;M
1.01.43;1.01.53;0.00.10;235;何 か 調べ たら スタート アップ と 何 か イノベーション 調べ たら スタート アップ。 ちょっと なんか 目標 が 目標 期間 目標 達成 する 期間 が ちょっと 短め って 書い て ある;discussion;d;O;17;234;M;G
1.01.53;1.01.54;0.00.01;236;そうですね書い て あり まし た ね;discussion;d;G;18;235;S;M
1.01.55;1.02.26;0.00.31;237;何 か そしたら 最初 最初 おら へん の 損失 を 見込める 期間 が ちょっと 少なめ か な と 思っ て て 結果 を 出し て 次 の 段階 に 繋げる と し たら 観光 に 繋げる こと も できる っていう そういう イメージ なんか こんな まず 商品 で 知って もらっ て 観光 を 誘う みたい な そういう 二段階 だめか;discussion;d;O;19;236;M;G
1.02.29;1.02.31;0.00.02;238;うん うん うん。;discussion;d;E;20;237;G;M
1.03.08;1.03.13;0.00.04;239;誰 を ターゲット に する とか も 結構 決め ない と 難しい 話 ですよね.;discussion;d;O;21;239;S;all
1.03.14;1.03.31;0.00.17;240;そうですねそれ が 大事 だ と 思い ます。 とりあえず ターゲット 目標 ターゲット をとりあえず 絞ら ない と もう 難しい か ね うん;discussion;d;G;22;239;G;S
1.03.31;1.03.55;0.00.23;241;ネット これ を 上らへんは人に対して 下 は もの  物に対して という 感じ が する ん だ けど どうなのかな 何 て 言う か 上 ら へん は なんか 結構 具体 的 な 移住 者 とか スーパー シニア とか 下ら へん は 製品 とか 情報 とか。 そういう 流れ か な と って 思っ て 共働きどこいった;discussion;d;O;23;241;M;all
1.03.58;1.03.58;0.00.00;242;うん 共働きどこ行った;discussion;d;Q;24;241;M;all
1.04.02;1.04.02;0.00.00;243;共働き一番下にあります;discussion;d;O;25;242;G;M
1.04.04;1.04.21;0.00.16;244;共働き もちょっと 情報 と 繋げ られる か って 買い物 する 時間 とか なんか結構 少ない と 思う から  それで 情報 も 必要 に なる か.;discussion;d;O;26;243;M;G
1.04.21;1.04.22;0.00.01;245;うん なり ますね;discussion;d;G;27;244;G;M
1.04.24;1.04.59;0.00.36;246;たぶん 対象 者 は 上らへん の 移住 者 は その 地域 に いる 人 中 認知 症 とか でも 地域 に いる 人 目当て か な  で 下 は 離れ て 離れ て いる 人 に どう 話す か と いう とか 共働き で 地域 たぶん 地域 は あんまり なんか 今 今 の 段階 で は 話し て ない ん だよね 地域 がどう  地域 に いる 人 たち を 動かす っていう わけ で は ない っていう 感じだよね;discussion;d;O;28;246;M;all
1.05.04;1.05.20;0.00.16;247;外 に いる 人 を 興味 付ける ため に は。 何 か 発信 し た 方 が いい か な っていう。 で もっと 情報 を 提供。;discussion;d;O;29;246;M;all
1.06.14;1.06.27;0.00.13;248;なんかあの 付箋 の 情報 を もうちょっと 細かく しない 例えば 今スキー とか ウォーキング 全部 ごっちゃ に し てる けど スキー と ウォーキング は 同じ と 同じ 場所 で でき ない から.;discussion;d;O;30;247;M;all
1.06.27;1.06.27;0.00.00;249;了解です;discussion;d;V;31;248;G;M
1.07.42;1.07.44;0.00.02;250;ここの ガラス って やつ 消し て しまっ て いい です か;discussion;d;Q;32;250;S;M
1.07.44;1.07.45;0.00.01;251;あ いい です。.;discussion;d;A;33;250;M;S
1.07.51;1.07.53;0.00.02;252;ここら へん って スーパー シニア に は 活躍 でき ない。;discussion;d;O;34;252;M;all
1.07.56;1.07.56;0.00.00;253;ここら辺ですか.;discussion;d;Q;35;252;G;M
1.07.57;1.07.58;0.00.01;254;ガラス とか 伝統工芸.;discussion;d;A;36;253;M;G
1.08.00;1.08.01;0.00.01;255;ああ 確か に できる と 思います;discussion;d;G;37;254;G;M
1.08.01;1.08.44;0.00.43;256;たら なんか 地元 の 人 が 作っ たり 言ったり 教え たり する こと は できる そしたら これ に関して は サポート が できる ん だよね 移住 者 とか 総 共働き の 人 たち も。 高齢 者 を サポート できる 繋がるのね 高齢 者 が えーっと 何 か を 作っ て 情報 発信 は 若い 世代 だっ たら その 地元 の 人 たち も 仕事 が 増える し 発信 も できる っていう そういう 循環 が でき た か な と 思い ます。.;discussion;d;O;38;255;M;all
1.08.44;1.09.17;0.00.33;257;えっと 何 か 新しい シート と 作れ ない かな こんがらがりすぎ て。 えっと。 ちょっと 待っ て 今は  地元  産業 と 共に 地元 産業 で 仕事 を 作り出す とともに 外 に 発信 できる そういう 雰囲気;discussion;d;P;39;257;M;all
1.09.19;1.09.19;0.00.00;258;なるほどな;discussion;d;E;40;257;G;M
1.09.31;1.09.38;0.00.07;259;もっと 産業 活性 化 の とこ に シニア 入る で 発信;discussion;d;O;41;258;M;
1.10.21;1.10.30;0.00.09;260;これ は 授業 の アイデア に 入る そしたら ピンク の所;discussion;d;O;42;259;M;
1.10.36;1.10.37;0.00.01;261;あー でも これ も;discussion;d;O;43;260;S;
1.10.38;1.10.59;0.00.21;262;ピンク 来るねこれで よし 進ん だ ね  どう だろう 熱く なり すぎ て ごっちゃになってるでどうする;discussion;d;O;44;261;M;all
1.11.11;1.11.15;0.00.04;263;何 か 1つ 具体 的 な アイデア を 思いつい た ん です けど それ;discussion;d;O;1;263;S;M
1.11.15;1.11.16;0.00.01;264;どうぞ どうぞ;discussion;d;A;2;263;M;S
1.11.17;1.11.59;0.00.42;265;具体 的 な アイデア として この あたり って ICE 関連 精密 機械 工業 関連 の アレ が 有名じゃないですか  スーパー スーパー で スーパー アクティブ シニア 世代の 方々 に PC の 組み立て みたい な  組み立て って 案外 簡単 に でき て。 本当 少し の 知識 と 手助け が  あれ ば できる みたい に 感じ なんで それ を やっ て もらっ て その 息子 に プレゼント する とか 自分 で 使う とか  良い 感じ に やっ て あげれ ば 最近 その PC の 需要 も 増え て き て いる し という こと で かなり という ちょっと良さげ か な と は 思っ た ん です けど どうですね。;discussion;d;O;3;264;S;M
1.12.02;1.12.11;0.00.09;266;なるほど スタートアップPCを その 売る とか そんな 感じ か;discussion;d;E;4;265;M;S
1.12.11;1.12.14;0.00.02;267;売る って いう より か は 組み立てる その。;discussion;d;O;5;266;S;M
1.12.15;1.12.19;0.00.04;268;組み立てるなるほど仕事が増える手紙;discussion;d;O;6;267;M;S
1.12.19;1.12.23;0.00.05;269;そうですねパーツだけ 買え ば 本当に 組み立てる だけ で できる みたい な 感じ なんですよねPCって;discussion;d;O;7;268;S;M
1.12.24;1.12.26;0.00.02;270;パーツは地元でも 生産 できる;discussion;d;O;8;269;M;S
1.12.27;1.12.27;0.00.00;271;もう一回お願いします;discussion;d;I;9;270;S;M
1.12.29;1.12.31;0.00.03;272;パーツ は 地元 で も 生産 できる って こと。;discussion;d;O;10;271;M;S
1.12.33;1.12.51;0.00.18;273;あー でも 一部 そう な いや でも 正直 できる ん じゃ ない か な っていう  IC チップ って の が 精密機械 最悪そのの 他 の この 地域 で 作れ ない よう な もの で あれ ば 輸入 でき て その;discussion;d;O;11;272;S;M
1.12.57;1.13.03;0.00.06;274;お金 は どこ から 得るの お金 は あまり メイン に し ない の その 事業 は。.;discussion;d;Q;12;273;G;S
1.13.06;1.13.11;0.00.05;275;いや まあ とりあえず 思いつい た だけ なんであれなんですけど お金 お金そうですね と なる と。.;discussion;d;A;13;274;S;G
1.13.13;1.13.14;0.00.01;276;もし プレゼント って なっ たら お金が.;discussion;d;O;14;275;G;S
1.13.16;1.13.22;0.00.07;277;プレゼント って いう より か は その いやその もちろん 参加 費 みたい な もの は 取る と 思う ん です けど .;discussion;d;O;15;276;S;G
1.13.26;1.13.27;0.00.00;278;一応 アイデア としてね;discussion;d;O;16;277;G;S
1.13.28;1.13.39;0.00.11;279;PC の その 作る スペック に も よる んで。 すごく 良い もの で あれ ば それ を 15 万 とか そんな 感じ に なっ ちゃう から.;discussion;d;O;17;278;S;G
1.13.41;1.14.08;0.00.28;280;もし その シニア の 人達 が 作っ て それ を やっ て いく って なる と たぶん  販売 数 も 販売 数 っていう か 製造 数 も そこ まで でき ない と 思う から そし たら 何 か お金的にも ちょっと しか 売れ ない 事業 に なる の か な って いう の は 今 ちょっと 話 を 聞い て 思っ た けど それ って 地域 の 人 たち を 動かし て いく っていう の は 大事 に 大事 って いう か.;discussion;d;O;18;279;G;S
1.14.10;1.14.30;0.00.20;281;正直 その 大型 工場 みたい に 大量 生産 みたい な こと は でき ない と 思う んで うん うん。 その 点 で は 大量 生産 し ない  せ ず に その 個数 を 制限 し て 出す っていう の も 何 か。 合っ てる の で は ない か な と は 思う ん です けど  難しいな。.;discussion;d;O;19;280;S;G
1.14.31;1.14.34;0.00.03;282;まあ高齢 者 数 が どれ くらい いる の か って いう と.;discussion;d;O;20;281;G;S
1.14.36;1.14.42;0.00.06;283;高齢 者 だけ じゃ なく て その 若い 世代 に 向け て そういう ので やっても 全然。.;discussion;d;O;21;282;S;G
1.14.44;1.14.45;0.00.02;284;若い 世代 も 主 に パソコン を 作る と。.;discussion;d;O;22;283;G;S
1.14.47;1.15.18;0.00.30;285;その 若い 世代 も 含め て やっ て も いい か な。 その パソコン 作る パソコン を 組み立てる っていう 技術 は  後 に も 活き て くる んで うん 最初はその  なんていうん です か ね この 地域 で 結託して  一つ の パソコン の ブランド みたい の 作っ たら その パーツ を 買い換える とき とか もう この 地域 の 部品 を 買う から また そこ で 経済 が 安定 し て 買っ て くれる から そこ で 安定 収入 何 て 言っ て も;discussion;d;O;23;284;S;G
1.15.19;1.15.21;0.00.02;286;軌道に 乗せる の は 結構 時間かかる;discussion;d;O;24;285;M;S
1.15.21;1.15.34;0.00.13;287;って なる ん です よ ね。 だから それ だ と し たら そう し なく て も その。 組み立てる とき 自分 たち の パソコン を 作る ん じゃ なく て パソコン を 組み立てる 技術。.;discussion;d;O;25;286;S;M
1.15.36;1.15.55;0.00.20;288;それ は 手作り には拘るの手作り に は 拘る の 機械 を 使わ ない って の には 拘るの  も 多分 もし やる ん だっ たら ボランティア でも も 行か ない し 若い 人 たち を 巻き込ん だ と し たら ね そしたら 人件費.;discussion;d;O;26;287;G;S
1.15.56;1.16.33;0.00.36;289;パソコンの つくり 方 っていうのが  その 何でいうんですか  簡単 に いう と 箱 の 大き く 箱 と CPU と ハードディスク っていう 部品 は いろいろ 買っ て き て それ を 箱 の 中 に 順番 に 詰め て いく みたいな 手作業でも全然できる作業で その 機械 で 作る とか は し なく て も 全然 の その手作業 でも できる 簡単 簡単 って 言っ て らあれ な ちょっと 分から ない ん です けど  できる と 言え ば できる ん です けど それ に  手伝い  まあでも そう なる と その 地域 の 方 に 手伝っ て もらう と いっ て も その。.;discussion;d;O;27;288;S;G
1.16.35;1.16.43;0.00.07;290;もし 手伝って もらうっていう形でボランティア っていう形だっ たら 若い 人 は なかなか 巻き込め ない ん じゃ ない か なっ て 思う.;discussion;d;O;28;289;G;S
1.16.43;1.16.44;0.00.01;291;ま あ そう ですよねぇ.;discussion;d;G;29;290;S;G
1.16.45;1.16.51;0.00.06;292;まあ一応 アイデア として ね とりあえず パソコンっていうのは 多分IC チップ でも 大事 だ と 思う し;discussion;d;O;30;291;G;S
1.16.53;1.17.16;0.00.23;293;えーっとさっきが 話された 感じ で 何 ていう か 今 まで すでに ある 企業 の なんか例とか それ って 必要 だっ た か な なんか 今 まで そう そう そんな 今 の パソコン の 組み立て に 近い 発想 の 企業があった と すれ ば それ は どんな 感じ な の かとか それ を 調べるとか;discussion;d;O;31;293;M;all
1.17.18;1.17.46;0.00.28;294;ちょっと 調べ て み ます。 パソコン 組み立て 実体 は その 何ていうんですかね ネット の 記事 とかでも よく 載っ てる んで まぁ でも 実際 に ネット の 記事 だけ で やる と なれ ば その  シニア 世代とかだと 難しい みたい な 話 に なり そう な ので  現地 に 行っ て 組み立て を 教え て もらう って いう の も わり と アリ な の か な と 思っ た ん です けど ちょっと 調べ て み ます。;discussion;d;O;32;293;S;M
1.17.47;1.18.17;0.00.29;295;もう 変 に たぶん パソコン 作っ てる 会社 って なく て あの 松本 の いや 松本じゃないごめん安曇 野 市か 安曇 野 市 に VAIO ソニー が 作っ て た VAIO って パソコン あれ を 何 だ ソニー が もう やめ て それ を 継承 する 形 で 安曇 野 で 作っ てる ん だ よ ね。 工場 が ちょっと 見 て み VAIO  安曇 野 とか で 調べれ ば 出 て くる;discussion;d;O;33;294;J;all
1.18.17;1.18.25;0.00.08;296;と なるほど じゃあ 同業 他社 みたい に 他社 みたい な の が あっ て そこに 対抗 できる か って こと に なっ て くる。;discussion;d;O;34;295;G;J
1.18.26;1.18.27;0.00.01;297;結構 デカ い よ;discussion;d;O;35;296;J;G
1.18.27;1.18.27;0.00.00;298;ですねそしたら厳しいそうですよね;discussion;d;G;36;297;G;J
1.18.44;1.18.52;0.00.09;299;てか 今 なんか ね 間 に ちょっと は なんか オレンジ を バラバラ に し てる ん だ けど スタートアップの 強み を 何かちょっともうちょっと出そうよ;discussion;c;P;1;299;M;all
1.18.57;1.19.00;0.00.03;300;そうですねちょっと少なかったですね わかり まし た;discussion;c;V;2;299;G;M
1.19.00;1.19.06;0.00.06;301;何 か ひとつ の 付箋 に 書き込み すぎ だ から もう 適所 に ちっちゃい 今 バラバラ に し てる ん だ けど;discussion;c;R;3;300;M;all
1.19.08;1.19.08;0.00.00;302;了解です;discussion;c;V;4;301;G;M
1.19.18;1.19.20;0.00.02;303;あと さ どんな スタート アップ に し たい;discussion;d;Q;1;303;M;all
1.19.21;1.19.24;0.00.02;304;あ そこ な ん です よね;discussion;d;E;2;303;S;M
1.19.24;1.19.25;0.00.01;305;今 また 考え てないんだよね;discussion;d;A;3;304;M;all
1.19.26;1.19.26;0.00.00;306;そうな ん です よ 方針だけ決めないと難しいですよね.;discussion;d;O;4;305;S;M
1.19.26;1.19.33;0.00.06;307;自分 は やっぱり;discussion;d;O;5;306;G;M
1.19.35;1.19.37;0.00.02;308;ちょっとあのどんな スタート アップ っていう 何か茶色い やつ 作っ た から なんか 書いておいて;discussion;d;O;6;308;M;all
1.19.42;1.19.42;0.00.00;309;茶色.;discussion;d;O;7;308;;
1.19.53;1.20.03;0.00.10;310;茶色 です か。 。;discussion;d;O;8;309;G;M
1.20.54;1.21.07;0.00.13;311;なにか 強み 何 でも いい と 思う えーっとなんか 東京 から と なんか地元 から 東京 に 行っ た とか 両方 経験 し た こと あるとか。;discussion;d;O;9;310;M;all
1.21.07;1.21.07;0.00.00;312;了解です声 書きますね;discussion;d;O;10;311;G;M
1.21.49;1.21.57;0.00.09;313;そんな なんか 今 まで イベント の 経験 とか.;discussion;d;O;11;312;M;all
1.22.00;1.22.12;0.00.12;314;イベント。 イベント 一応 コンサート とか イベント 関係 の バイトし てる んで;discussion;d;O;12;313;G;M
1.22.14;1.22.14;0.00.00;315;それもかけるな強み;discussion;d;O;13;314;M;all
1.22.15;1.22.16;0.00.01;316;経験 は あり ます ね;discussion;d;O;14;315;G;M
1.22.17;1.22.18;0.00.01;317;それ も 強み だ.;discussion;d;O;15;316;M;all
1.22.19;1.22.20;0.00.01;318;はい 書き ます。;discussion;d;O;16;317;G;M
1.24.04;1.24.06;0.00.02;319;50 分 に 戻れ ば 良 かったんでしたっけ 何か聞きましたよね;plan;d;O;1;319;G;all
1.24.10;1.24.10;0.00.00;320;えっとどこまで出すんだっけ;plan;d;Q;2;319;M;all
1.24.14;1.24.14;0.00.00;321;あ何ですか;plan;d;Q;3;320;G;M
1.24.18;1.24.20;0.00.02;322;えっとなんか 案 とか 出さ ない と いけ ないっけ;plan;d;Q;4;321;M;G
1.24.21;1.24.22;0.00.01;323;案 は 次 の 段階 ですかね;plan;d;A;5;322;G;M
1.24.24;1.24.26;0.00.02;324;じゃあよかったた とりあえず は いったか;plan;d;V;6;323;M;G
1.24.27;1.24.41;0.00.14;325;一 回 ブレイク です か ね 一 回 10分休憩 し て 50分 に  全体 の グループ に 戻る よう に と 今 来 まし た ね;plan;d;R;7;325;G;all
1.24.43;1.24.52;0.00.10;326;来た ああ。 ちょっと ご飯 ご飯 まだ とっ て き て ない から頃;plan;d;R;8;325;M;G
1.24.53;1.24.56;0.00.03;327;了解 っす よ で ブレイク し ます か;plan;d;V;9;326;G;M
1.24.58;1.25.14;0.00.16;328;なんかあの紫 適当 だっ た けど なんか 会社 とか あっ たら そこ かい て なんか 今 紫 ちょっと 関連 し た こと が 思いつい た やつ を 書い て た けど なんか 関連 する 会社 とか あったら;plan;d;O;10;328;M;all
1.25.16;1.25.16;0.00.00;329;了解 です 付け加えます.;plan;d;V;11;328;G;M
1.25.16;1.25.21;0.00.05;330;とりあえず一旦  ブレイクし ます か。;plan;c;P;12;330;G;all
1.25.23;1.25.23;0.00.00;331;一旦お疲れさまでした.;plan;c;O;13;330;J;all
1.25.23;1.25.23;0.00.00;332;お疲れ様です.;plan;c;O;14;331;M;all
1.25.23;1.25.23;0.00.00;333;お疲れ様です.;plan;c;O;15;332;S;all
1.25.23;1.25.31;0.00.08;334;全体 に 戻り ます ね;plan;c;O;16;333;G;all
